image,x,y,z,q0,q1,q2,q3
image_0_0_0_0_0_0_0_0,0.49999985098838806,-0.09993205219507217,0.05000389367341995,0.9238920211791992,0.38265320658683777,-1.0478461263119243e-05,2.1750456653535366e-05,0.021185290068387985
