image,x,y,z,q0,q1,q2,q3
image_0_0_0_0_0_0_0_0,0.41666924953460693,-0.19860303401947021,0.09796219319105148,0.19749778509140015,-0.5637896060943604,0.8017511367797852,-0.018192218616604805,0.03869469836354256
