image,x,y,z,q0,q1,q2,q3
image_0_0_0_0_0_0_0_0,0.5942456126213074,0.09864814579486847,0.04989074170589447,-0.1973453164100647,0.9803336262702942,6.390295311575755e-05,0.0008953664801083505,0.02112482860684395
image_0_0_0_1_0_0_0_0,0.7000799775123596,-0.09999945014715195,0.0499831922352314,1.0,-4.079279733559815e-06,-1.148275077866856e-05,-3.3105861803051084e-06,0.039993319660425186
