image,x,y,z,q0,q1,q2,q3
image_0_0_0_0_0_0_0_0,0.49936801195144653,-0.10051169246435165,0.04691354185342789,0.9251381158828735,0.37962719798088074,-0.0007133077015168965,0.001474755466915667,0.02034844271838665
