image,x,y,z,q0,q1,q2,q3
image_0_0_0_0_0_0_0_0,0.49997827410697937,-0.09998941421508789,0.05004188418388367,-0.38266104459762573,0.9238888025283813,-1.0667436981748324e-05,-4.743425506603671e-06,0.021187063306570053
