image,x,y,z,q0,q1,q2,q3
image_0_0_0_0_0_0_0_0,0.6939695477485657,0.09909681975841522,0.05061088874936104,-0.29402750730514526,0.9557966589927673,-0.00012901144509669393,0.0007665383163839579,0.02076122723519802
