image,x,y,z,q0,q1,q2,q3
image_0_0_0_0_0_0_0_0,0.49832800030708313,-0.09851501882076263,0.04298248887062073,0.9274896383285522,0.3738315999507904,-0.0012028783094137907,0.0033910539932549,0.020137008279561996
