image,x,y,z,q0,q1,q2,q3
image_0_0_0_0_0_0_0_0,0.49999985098838806,-0.09993205219507217,0.05000389367341995,0.9238920211791992,0.38265320658683777,-1.0478461263119243e-05,2.1750456653535366e-05,0.021185290068387985
image_0_0_0_1_0_0_0_0,0.600062370300293,0.09996289014816284,0.10000196099281311,1.0,4.3806749090435915e-06,-1.0954624485748354e-05,-1.2479466022341512e-05,0.039993807673454285
