image,x,y,z,q0,q1,q2,q3
image_0_0_0_1_0_0_0_0,0.7990971207618713,-0.049887318164110184,0.050124023109674454,1.0,3.193814700352959e-05,0.0001365833159070462,-7.491459837183356e-05,0.020564140751957893
