image,x,y,z,q0,q1,q2,q3
image_0_0_0_0_0_0_0_0,0.47946563363075256,-0.17276929318904877,0.05815797671675682,0.8525077700614929,0.5087651610374451,-0.07370194047689438,0.09463915228843689,0.020015010610222816
