image,x,y,z,q0,q1,q2,q3
image_0_0_0_0_0_0_0_0,0.6936764717102051,0.09900429844856262,0.050614871084690094,-0.3020877540111542,0.9532797336578369,-0.00015243596863001585,0.0008207500795833766,0.020788036286830902
image_0_0_0_1_0_0_0_0,0.7000846862792969,-0.10000678151845932,0.04997825622558594,1.0,4.4746974481313373e-07,-1.3089842468616553e-05,-9.007109838421457e-06,0.03999319672584534
image_0_0_0_0_0_0_0_0,0.499947190284729,-0.09996358305215836,0.050029877573251724,-0.3826601803302765,0.92388916015625,-2.393522208876675e-06,1.1225113667023834e-05,0.021198896691203117
image_0_0_0_1_0_0_0_0,0.7000893950462341,-0.10000350326299667,0.09998592734336853,1.0,6.692803253827151e-07,-1.4001595445733983e-05,-9.09760274225846e-06,0.039993416517972946
