image,x,y,z,q0,q1,q2,q3
image_0_0_0_0_0_0_0_0,0.6940111517906189,0.09907931089401245,0.05065479874610901,-0.29411253333091736,0.9557704329490662,-0.00017260129970964044,0.0008049895404838026,0.0006956530269235373
