image,x,y,z,q0,q1,q2,q3
image_0_0_0_0_0_0_0_0,0.49958884716033936,-0.10206927359104156,0.050956595689058304,0.9254307150840759,0.3789122402667999,-0.000798590132035315,0.0016876367153599858,0.020023537799715996
