image,x,y,z,q0,q1,q2,q3
image_0_0_0_1_0_0_0_0,0.5999839901924133,0.10000506043434143,0.05001387000083923,1.0,-2.4371916879317723e-05,-2.966338797705248e-06,-8.792730113782454e-06,0.020977796986699104
image_0_0_0_0_0_0_0_0,0.49448060989379883,0.4943768084049225,0.4952213168144226,0.9999994039535522,-1.632872226764448e-05,0.0007424303330481052,-0.0007819090969860554,0.04000025987625122
