image,x,y,z,q0,q1,q2,q3
image_0_0_0_0_0_0_0_0,0.6999117732048035,0.09998814761638641,0.05000106245279312,0.9807921051979065,0.1950560063123703,-2.9382194952631835e-06,-5.731798864871962e-06,0.021180730313062668
