image,x,y,z,q0,q1,q2,q3
image_0_0_0_0_0_0_0_0,0.6999084949493408,0.10002754628658295,0.04999960586428642,0.9808112978935242,0.1949596256017685,4.085744933490787e-07,-2.7946221962338313e-05,0.013219254091382027
