image,x,y,z,q0,q1,q2,q3
image_0_0_0_0_0_0_0_0,0.6999117732048035,0.09998814761638641,0.05000106245279312,0.9807921051979065,0.1950560063123703,-2.9382194952631835e-06,-5.731798864871962e-06,0.021180730313062668
image_0_0_0_1_0_0_0_0,0.6999310851097107,-0.10001679509878159,0.050013139843940735,1.0,9.245966339221923e-07,4.741533302876633e-06,-1.4050658592168475e-06,0.039993830025196075
image_0_0_0_0_0_0_0_0,0.49997568130493164,-0.10000678151845932,0.05004572495818138,0.92388916015625,0.38266023993492126,5.523326308320975e-06,-1.2872098523075692e-05,0.02118072472512722
image_0_0_0_1_0_0_0_0,0.7000684142112732,-0.10003708302974701,0.09999800473451614,1.0,8.371307558263652e-07,-1.1879976227646694e-05,-3.906345682480605e-06,0.0399937704205513
image_0_0_0_1_0_0_0_0,0.5999829769134521,0.09999078512191772,0.050018858164548874,1.0,-3.155668673571199e-05,-9.67338291957276e-06,-9.905712431645952e-06,0.021177880465984344
image_0_0_0_1_0_0_0_0,0.7000707387924194,-0.10002094507217407,0.15000192821025848,1.0,-4.07923607781413e-06,-1.2875601896666922e-05,1.7155356317744008e-06,0.039994023740291595
image_0_0_0_1_0_0_0_0,0.8004903197288513,-0.04997638240456581,0.04998243972659111,1.0,2.7223866709391586e-05,-7.188838026195299e-06,-8.348265691893175e-05,0.020560739561915398
image_0_0_0_1_0_0_0_0,0.7000717520713806,-0.10002588480710983,0.20000720024108887,1.0,-4.963489573128754e-06,-1.3542691704060417e-05,2.206323870268534e-06,0.03999379649758339
