image,x,y,z,q0,q1,q2,q3
image_0_0_0_0_0_0_0_0,0.49933168292045593,-0.09831805527210236,0.05011802911758423,0.9214077591896057,0.388588011264801,0.0009536438155919313,-0.0024903882294893265,0.019992288202047348
