image,x,y,z,q0,q1,q2,q3
image_0_0_0_0_0_0_0_0,0.4936043322086334,-0.09903067350387573,0.09682077914476395,-0.08605235815048218,0.08539450168609619,0.4407878816127777,0.889386773109436,0.0004175128124188632
