image,x,y,z,q0,q1,q2,q3
image_0_0_1_0_0_0_0_0,0.16047045588493347,0.13386589288711548,1.1984575986862183,-0.12778517603874207,-0.08796725422143936,-0.507706344127655,0.8474473357200623,0.021209459751844406
