image,x,y,z,q0,q1,q2,q3
image_0_0_0_0_0_0_0_0,0.5940449833869934,0.09847783297300339,0.049709878861904144,-0.20119260251522064,0.9795511960983276,8.400090882787481e-05,0.0009684406686574221,0.020977554842829704
image_0_0_0_0_0_0_0_0,0.49997249245643616,0.5014742016792297,0.05230993404984474,0.9999969005584717,-4.425327006174484e-06,-0.0001965315022971481,-0.002489865990355611,0.039994288235902786
image_0_0_0_0_0_0_0_0,0.4999924898147583,-0.10001634061336517,0.05001576989889145,-0.38267022371292114,0.9238849878311157,6.512037543870974e-06,1.5376404917333275e-05,0.021238716319203377
image_0_0_0_1_0_0_0_0,0.5000721216201782,0.5000695586204529,0.30002737045288086,1.0,-1.8799973986460827e-06,-1.1052063200622797e-05,6.896107606735313e-06,0.0399940125644207
image_0_0_0_0_0_0_0_0,0.6958921551704407,0.09956015646457672,0.050358690321445465,-0.2602108418941498,0.9655517339706421,-5.070843326393515e-05,0.00040787275065667927,0.020668378099799156
image_0_0_0_0_0_0_0_0,0.48025545477867126,0.4802689850330353,0.5305769443511963,0.9999926686286926,1.0729105270002037e-05,0.0027097815182060003,-0.0027138388250023127,0.03999422863125801
