image,x,y,z,q0,q1,q2,q3
image_0_0_0_0_0_0_0_0,0.6936729550361633,0.09900294989347458,0.05061514675617218,-0.30219876766204834,0.9532445669174194,-0.0001530356821604073,0.0008216674323193729,0.020788416266441345
