image,x,y,z,q0,q1,q2,q3
image_0_0_0_0_0_0_0_0,0.7101020812988281,-0.053972162306308746,0.3113771378993988,-0.048505138605833054,-0.10806060582399368,-0.0009380222763866186,0.9929598569869995,0.020006811246275902
