image,x,y,z,q0,q1,q2,q3
image_0_0_0_0_0_0_0_0,0.4999687969684601,-0.09995612502098083,0.05009683221578598,0.9238799214363098,0.38268253207206726,-1.1984326192759909e-05,1.1371633945600479e-06,0.019999267533421516
image_0_0_0_0_0_0_0_0,0.7000853419303894,0.10001573711633682,0.0999857634305954,0.9807851314544678,0.19509099423885345,-1.4077133528189734e-05,-7.2597417783981655e-06,0.03999942168593407
