image,x,y,z,q0,q1,q2,q3
image_0_0_0_0_0_0_0_0,0.6936764717102051,0.09900429844856262,0.050614871084690094,-0.3020877540111542,0.9532797336578369,-0.00015243596863001585,0.0008207500795833766,0.020788036286830902
