image,x,y,z,q0,q1,q2,q3
image_0_0_0_0_0_0_0_0,0.6939695477485657,0.09909681975841522,0.05061088874936104,-0.29402750730514526,0.9557966589927673,-0.00012901144509669393,0.0007665383163839579,0.02076122723519802
image_0_0_0_1_0_0_0_0,0.7000758051872253,-0.1000041589140892,0.04997677728533745,1.0,-1.2785106662249746e-07,-1.1314979019516613e-05,-7.94709467299981e-06,0.03999323025345802
