image,x,y,z,q0,q1,q2,q3
image_0_0_0_0_0_0_0_0,0.7104212641716003,-0.05391184985637665,0.32171526551246643,-0.050686586648225784,-0.11512009799480438,-0.0008989755879156291,0.9920571446418762,0.02000419609248638
image_0_0_0_0_0_0_0_0,0.7101172208786011,0.09220194816589355,-0.01827578991651535,0.9748737215995789,0.17510272562503815,-0.13754312694072723,-0.0064904578030109406,0.03991730138659477
