image,x,y,z,q0,q1,q2,q3
image_0_0_0_1_0_0_0_0,0.5999424457550049,0.10003772377967834,0.0499926432967186,1.0,-4.0173126762965694e-05,5.846297881362261e-06,4.850520781474188e-06,0.02119644731283188
